week_ending,region_code,contract_code,contract_name,calls_received,calls_answered,calls_answered_60s,calls_abandoned,calls_triaged,pct_answered_60s,pct_abandoned,meets_60s_target
2025-11-30,East of England,111AC5,Cambridgeshire and Peterborough,7134,6859,5287,7134,5721,77.1,51.0,0
2025-11-30,East of England,111AC7,Milton Keynes,2014,1992,1772,2014,1853,89.0,50.3,0
2025-11-30,East of England,111AG7,Luton and Bedfordshire,5442,5287,4118,5442,4816,77.9,50.7,0
2025-11-30,East of England,111AG8,Norfolk including Great Yarmouth and Waveney,7340,6811,5345,7052,6725,78.5,50.9,0
2025-11-30,East of England,111AH4,Mid & South Essex,8455,7905,6147,8125,7419,77.8,50.7,0
2025-11-30,East of England,111AH7,North East Essex & Suffolk,7857,6917,4878,7132,6041,70.5,50.8,0
2025-11-30,East of England,111AM1,West Essex & Hertfordshire,10459,10090,7765,10459,9144,77.0,50.9,0
2025-11-30,London,111AD7,South East London,11780,10945,7046,11481,9941,64.4,51.2,0
2025-11-30,London,111AH5,North East London,16462,15448,9711,16161,15578,62.9,51.1,0
2025-11-30,London,111AJ1,North West London,13270,12361,7530,12911,12265,60.9,51.1,0
2025-11-30,London,111AK9,South West London (PPG),9708,9267,6157,9526,9530,66.4,50.7,0
2025-11-30,London,111AL9,North Central London (LAS),9453,8615,4605,9140,8088,53.5,51.5,0
2025-11-30,Midlands,111AL7,Midlands,80106,78912,68378,80106,73911,86.7,50.4,0
2025-11-30,North East and Yorkshire,111AA1,North East,25692,22452,16963,23639,20107,75.6,51.3,0
2025-11-30,North East and Yorkshire,111AI7,Yorkshire and Humber (NECS),49192,42129,23293,46277,38586,55.3,52.3,0
2025-11-30,North West,111AJ3,North West including Blackpool (ML CSU),47037,43266,20592,47037,41172,47.6,52.1,0
2025-11-30,South East,111AA6,Isle of Wight,2043,1636,1237,1763,1645,75.6,51.9,0
2025-11-30,South East,111AG9,Thames Valley,17706,15868,5963,17706,14799,37.6,52.7,0
2025-11-30,South East,111AH9,Hampshire and Surrey Heath,15969,14298,5725,15969,13284,40.0,52.8,0
2025-11-30,South East,111AI2,Surrey Heartlands,6795,5879,4103,6051,5115,69.8,50.7,0
2025-11-30,South East,111AI9,"Kent, Medway & Sussex",25011,21143,12466,22996,21143,59.0,52.1,0
2025-11-30,South West,111AI4,Dorset (DHC),7628,6140,4616,6385,5927,75.2,51.0,0
2025-11-30,South West,111AI5,"Bristol, North Somerset & South Gloucestershire (BRISDOC)",7737,6800,4337,7012,6568,63.8,50.8,0
2025-11-30,South West,111AL2,Devon (PPG),9449,8389,5921,8636,7505,70.6,50.7,0
2025-11-30,South West,111AL3,Cornwall (HUC),4080,3943,3233,4080,3388,82.0,50.9,0
2025-11-30,South West,111AL5,Somerset (HUC),4167,3995,3087,4167,3352,77.3,51.1,0
2025-11-30,South West,111AL6,"BaNES, Swindon & Wiltshire (Medvivo-PPG)",7931,7045,4826,7318,6743,68.5,51.0,0
2025-11-30,South West,111AL8,Gloucestershire (Trust/IC24),4847,4548,3533,4683,4464,77.7,50.7,0
2025-12-07,East of England,111AC5,Cambridgeshire and Peterborough,8222,7880,5932,8222,6189,75.3,51.1,0
2025-12-07,East of England,111AC7,Milton Keynes,2025,2004,1743,2025,1855,87.0,50.3,0
2025-12-07,East of England,111AG7,Luton and Bedfordshire,6052,5786,4429,6052,4930,76.5,51.1,0
2025-12-07,East of England,111AG8,Norfolk including Great Yarmouth and Waveney,7950,7131,5107,7620,7226,71.6,51.7,0
2025-12-07,East of England,111AH4,Mid & South Essex,9647,8608,5965,9182,8066,69.3,51.6,0
2025-12-07,East of England,111AH7,North East Essex & Suffolk,8257,7123,4441,7414,6225,62.3,51.0,0
2025-12-07,East of England,111AM1,West Essex & Hertfordshire,10721,10358,7807,10721,9423,75.4,50.9,0
2025-12-07,London,111AD7,South East London,12175,11464,8407,11878,10371,73.3,50.9,0
2025-12-07,London,111AH5,North East London,16737,15824,11231,16410,16096,71.0,50.9,0
2025-12-07,London,111AJ1,North West London,13807,12841,8460,13385,12505,65.9,51.0,0
2025-12-07,London,111AK9,South West London (PPG),10470,9902,6285,10215,10197,63.5,50.8,0
2025-12-07,London,111AL9,North Central London (LAS),9806,8984,5926,9432,8193,66.0,51.2,0
2025-12-07,Midlands,111AL7,Midlands,83150,81880,70092,83150,77080,85.6,50.4,0
2025-12-07,North East and Yorkshire,111AA1,North East,27228,22875,17487,24539,20528,76.4,51.8,0
2025-12-07,North East and Yorkshire,111AI7,Yorkshire and Humber (NECS),51174,42942,25315,47523,39327,59.0,52.5,0
2025-12-07,North West,111AJ3,North West including Blackpool (ML CSU),48278,42563,17820,48278,41238,41.9,53.1,0
2025-12-07,South East,111AA6,Isle of Wight,2149,1678,1178,1859,1660,70.2,52.6,0
2025-12-07,South East,111AG9,Thames Valley,19340,16873,6107,19340,15593,36.2,53.4,0
2025-12-07,South East,111AH9,Hampshire and Surrey Heath,16013,14130,5606,16013,12911,39.7,53.1,0
2025-12-07,South East,111AI2,Surrey Heartlands,7342,6162,3897,6438,5396,63.2,51.1,0
2025-12-07,South East,111AI9,"Kent, Medway & Sussex",27225,22527,12763,24637,21936,56.7,52.2,0
2025-12-07,South West,111AI4,Dorset (DHC),7365,6227,5027,6397,6210,80.7,50.7,0
2025-12-07,South West,111AI5,"Bristol, North Somerset & South Gloucestershire (BRISDOC)",8641,7596,4275,7857,7322,56.3,50.8,0
2025-12-07,South West,111AL2,Devon (PPG),10176,8804,5803,9093,7855,65.9,50.8,0
2025-12-07,South West,111AL3,Cornwall (HUC),4425,4294,3370,4425,3837,78.5,50.8,0
2025-12-07,South West,111AL5,Somerset (HUC),4490,4305,3191,4490,3601,74.1,51.1,0
2025-12-07,South West,111AL6,"BaNES, Swindon & Wiltshire (Medvivo-PPG)",8276,7294,4507,7587,7026,61.8,51.0,0
2025-12-07,South West,111AL8,Gloucestershire (Trust/IC24),5108,4574,3152,4889,4151,68.9,51.7,0
2025-12-14,East of England,111AC5,Cambridgeshire and Peterborough,7967,7753,6550,7967,6162,84.5,50.7,0
2025-12-14,East of England,111AC7,Milton Keynes,1858,1845,1711,1858,1762,92.7,50.2,0
2025-12-14,East of England,111AG7,Luton and Bedfordshire,6183,6013,5112,6183,5094,85.0,50.7,0
2025-12-14,East of England,111AG8,Norfolk including Great Yarmouth and Waveney,7746,7062,4941,7420,7084,70.0,51.2,0
2025-12-14,East of England,111AH4,Mid & South Essex,9475,8719,6009,9127,8246,68.9,51.1,0
2025-12-14,East of England,111AH7,North East Essex & Suffolk,8082,7226,5399,7388,6421,74.7,50.6,0
2025-12-14,East of England,111AM1,West Essex & Hertfordshire,10350,10109,8629,10350,9505,85.4,50.6,0
2025-12-14,London,111AD7,South East London,11932,11358,9391,11630,10493,82.7,50.6,0
2025-12-14,London,111AH5,North East London,16643,15926,13010,16318,16244,81.7,50.6,0
2025-12-14,London,111AJ1,North West London,13968,13213,10040,13583,12778,76.0,50.7,0
2025-12-14,London,111AK9,South West London (PPG),9919,9491,6971,9694,9793,73.4,50.5,0
2025-12-14,London,111AL9,North Central London (LAS),9461,8863,6805,9111,8082,76.8,50.7,0
2025-12-14,Midlands,111AL7,Midlands,79508,78853,73363,79508,74382,93.0,50.2,0
2025-12-14,North East and Yorkshire,111AA1,North East,25912,21130,14472,23373,19354,68.5,52.5,0
2025-12-14,North East and Yorkshire,111AI7,Yorkshire and Humber (NECS),49076,40698,31359,43351,37374,77.1,51.6,0
2025-12-14,North West,111AJ3,North West including Blackpool (ML CSU),47207,41936,16519,47207,41147,39.4,53.0,0
2025-12-14,South East,111AA6,Isle of Wight,2050,1719,1287,1847,1735,74.9,51.8,0
2025-12-14,South East,111AG9,Thames Valley,18584,16824,7424,18584,15735,44.1,52.5,0
2025-12-14,South East,111AH9,Hampshire and Surrey Heath,16694,15092,6948,16694,14068,46.0,52.5,0
2025-12-14,South East,111AI2,Surrey Heartlands,6666,5866,4341,6022,5147,74.0,50.7,0
2025-12-14,South East,111AI9,"Kent, Medway & Sussex",27231,22035,10272,24831,22035,46.6,53.0,0
2025-12-14,South West,111AI4,Dorset (DHC),6995,5987,4918,6134,5803,82.1,50.6,0
2025-12-14,South West,111AI5,"Bristol, North Somerset & South Gloucestershire (BRISDOC)",8838,7700,4857,7907,7545,63.1,50.7,0
2025-12-14,South West,111AL2,Devon (PPG),10272,9182,6892,9411,8236,75.1,50.6,0
2025-12-14,South West,111AL3,Cornwall (HUC),4226,4099,3546,4226,3684,86.5,50.8,0
2025-12-14,South West,111AL5,Somerset (HUC),4456,4339,3670,4456,3549,84.6,50.7,0
2025-12-14,South West,111AL6,"BaNES, Swindon & Wiltshire (Medvivo-PPG)",8659,7794,5793,8048,7221,74.3,50.8,0
2025-12-14,South West,111AL8,Gloucestershire (Trust/IC24),5070,4611,3296,4823,4524,71.5,51.1,0
2025-12-21,East of England,111AC5,Cambridgeshire and Peterborough,7707,7478,6135,7707,6088,82.0,50.8,0
2025-12-21,East of England,111AC7,Milton Keynes,1962,1957,1946,1962,1825,99.4,50.1,1
2025-12-21,East of England,111AG7,Luton and Bedfordshire,5990,5816,4861,5990,4975,83.6,50.7,0
2025-12-21,East of England,111AG8,Norfolk including Great Yarmouth and Waveney,6805,6475,5998,6542,6424,92.6,50.3,0
2025-12-21,East of England,111AH4,Mid & South Essex,9233,8478,5934,8912,8004,70.0,51.2,0
2025-12-21,East of England,111AH7,North East Essex & Suffolk,8237,7740,7221,7783,6758,93.3,50.1,0
2025-12-21,East of England,111AM1,West Essex & Hertfordshire,10437,10150,8273,10437,9485,81.5,50.7,0
2025-12-21,London,111AD7,South East London,11360,10962,9842,11104,9905,89.8,50.3,0
2025-12-21,London,111AH5,North East London,15642,15181,13614,15354,15492,89.7,50.3,0
2025-12-21,London,111AJ1,North West London,13327,12842,11434,13009,12511,89.0,50.3,0
2025-12-21,London,111AK9,South West London (PPG),9597,9376,8626,9440,9618,92.0,50.2,0
2025-12-21,London,111AL9,North Central London (LAS),8879,8455,7109,8595,7793,84.1,50.4,0
2025-12-21,Midlands,111AL7,Midlands,75737,75619,75173,75737,71276,99.4,50.0,1
2025-12-21,North East and Yorkshire,111AA1,North East,24074,21403,19783,21783,19445,92.4,50.4,0
2025-12-21,North East and Yorkshire,111AI7,Yorkshire and Humber (NECS),46071,40484,33691,42945,37043,83.2,51.5,0
2025-12-21,North West,111AJ3,North West including Blackpool (ML CSU),44508,41562,23445,44508,39949,56.4,51.7,0
2025-12-21,South East,111AA6,Isle of Wight,2068,1682,1061,1972,1709,63.1,54.0,0
2025-12-21,South East,111AG9,Thames Valley,18476,17565,11993,18476,16370,68.3,51.3,0
2025-12-21,South East,111AH9,Hampshire and Surrey Heath,16028,15202,10509,16028,14222,69.1,51.3,0
2025-12-21,South East,111AI2,Surrey Heartlands,6281,5954,5522,5993,5214,92.7,50.2,0
2025-12-21,South East,111AI9,"Kent, Medway & Sussex",26704,22110,11473,24657,22110,51.9,52.7,0
2025-12-21,South West,111AI4,Dorset (DHC),7386,6328,5084,6465,6241,80.3,50.5,0
2025-12-21,South West,111AI5,"Bristol, North Somerset & South Gloucestershire (BRISDOC)",8063,7613,6292,7653,7335,82.6,50.1,0
2025-12-21,South West,111AL2,Devon (PPG),9799,9237,8670,9296,8164,93.9,50.2,0
2025-12-21,South West,111AL3,Cornwall (HUC),4441,4307,3544,4441,3931,82.3,50.8,0
2025-12-21,South West,111AL5,Somerset (HUC),4486,4357,3547,4486,3593,81.4,50.7,0
2025-12-21,South West,111AL6,"BaNES, Swindon & Wiltshire (Medvivo-PPG)",8203,7764,7280,7874,7325,93.8,50.4,0
2025-12-21,South West,111AL8,Gloucestershire (Trust/IC24),5008,4595,3204,4848,4565,69.7,51.3,0
2025-12-28,East of England,111AC5,Cambridgeshire and Peterborough,9009,8788,7966,9009,6840,90.6,50.6,0
2025-12-28,East of England,111AC7,Milton Keynes,2003,1986,1900,2003,1847,95.7,50.2,1
2025-12-28,East of England,111AG7,Luton and Bedfordshire,6183,6057,5511,6183,5355,91.0,50.5,0
2025-12-28,East of England,111AG8,Norfolk including Great Yarmouth and Waveney,9777,7744,4464,9372,7821,57.6,54.8,0
2025-12-28,East of England,111AH4,Mid & South Essex,10881,8780,4942,10547,8341,56.3,54.6,0
2025-12-28,East of England,111AH7,North East Essex & Suffolk,9937,9467,8014,9609,8278,84.7,50.4,0
2025-12-28,East of England,111AM1,West Essex & Hertfordshire,11832,11527,10153,11791,10580,88.1,50.6,0
2025-12-28,London,111AD7,South East London,11020,10466,8789,10815,9670,84.0,50.8,0
2025-12-28,London,111AH5,North East London,14937,14184,11869,14644,14770,83.7,50.8,0
2025-12-28,London,111AJ1,North West London,13388,12675,10722,13052,12179,84.6,50.7,0
2025-12-28,London,111AK9,South West London (PPG),9560,9273,7899,9412,9504,85.2,50.4,0
2025-12-28,London,111AL9,North Central London (LAS),8832,8155,6327,8573,7494,77.6,51.2,0
2025-12-28,Midlands,111AL7,Midlands,83332,82801,77831,83332,78047,94.0,50.2,0
2025-12-28,North East and Yorkshire,111AA1,North East,25305,21766,18109,23015,19995,83.2,51.4,0
2025-12-28,North East and Yorkshire,111AI7,Yorkshire and Humber (NECS),49977,44309,36485,46685,40748,82.3,51.3,0
2025-12-28,North West,111AJ3,North West including Blackpool (ML CSU),50126,45981,28358,50126,44666,61.7,52.2,0
2025-12-28,South East,111AA6,Isle of Wight,2207,1870,1112,2159,1901,59.5,53.6,0
2025-12-28,South East,111AG9,Thames Valley,20314,19004,13870,20314,17809,73.0,51.7,0
2025-12-28,South East,111AH9,Hampshire and Surrey Heath,17712,16531,12167,17712,15355,73.6,51.7,0
2025-12-28,South East,111AI2,Surrey Heartlands,7495,7161,6121,7269,6244,85.5,50.4,0
2025-12-28,South East,111AI9,"Kent, Medway & Sussex",28671,23586,12983,26707,23586,55.0,53.1,0
2025-12-28,South West,111AI4,Dorset (DHC),8499,6849,4576,7385,6805,66.8,51.9,0
2025-12-28,South West,111AI5,"Bristol, North Somerset & South Gloucestershire (BRISDOC)",0,0,0,0,0,,,0
2025-12-28,South West,111AL2,Devon (PPG),11649,11058,9469,11209,9867,85.6,50.3,0
2025-12-28,South West,111AL3,Cornwall (HUC),6002,5863,5222,6002,5082,89.1,50.6,0
2025-12-28,South West,111AL5,Somerset (HUC),5086,4952,4390,5086,4147,88.7,50.7,0
2025-12-28,South West,111AL6,"BaNES, Swindon & Wiltshire (Medvivo-PPG)",9355,8872,7610,9097,8375,85.8,50.6,0
2025-12-28,South West,111AL8,Gloucestershire (Trust/IC24),6186,4857,2730,5892,4985,56.2,54.8,0
2026-01-04,East of England,111AC5,Cambridgeshire and Peterborough,8071,7939,7184,8071,6322,90.5,50.4,0
2026-01-04,East of England,111AC7,Milton Keynes,2015,2008,1950,2015,1876,97.1,50.1,1
2026-01-04,East of England,111AG7,Luton and Bedfordshire,5813,5719,5175,5813,5066,90.5,50.4,0
2026-01-04,East of England,111AG8,Norfolk including Great Yarmouth and Waveney,8804,7652,5082,8516,7592,66.4,52.7,0
2026-01-04,East of England,111AH4,Mid & South Essex,9487,8233,5326,9133,7812,64.7,52.6,0
2026-01-04,East of England,111AH7,North East Essex & Suffolk,8816,8413,7152,8510,7499,85.0,50.3,0
2026-01-04,East of England,111AM1,West Essex & Hertfordshire,10483,10337,9272,10483,9821,89.7,50.4,0
2026-01-04,London,111AD7,South East London,11361,11011,9717,11144,9953,88.2,50.3,0
2026-01-04,London,111AH5,North East London,14706,14269,12662,14428,14792,88.7,50.3,0
2026-01-04,London,111AJ1,North West London,12851,12371,10929,12546,12085,88.3,50.4,0
2026-01-04,London,111AK9,South West London (PPG),9163,8942,7803,9024,9296,87.3,50.2,0
2026-01-04,London,111AL9,North Central London (LAS),8427,8068,6962,8182,7413,86.3,50.4,0
2026-01-04,Midlands,111AL7,Midlands,76449,76021,73212,76449,71858,96.3,50.1,1
2026-01-04,North East and Yorkshire,111AA1,North East,23447,20490,18454,21040,19262,90.1,50.7,0
2026-01-04,North East and Yorkshire,111AI7,Yorkshire and Humber (NECS),45983,41238,34513,43530,37839,83.7,51.4,0
2026-01-04,North West,111AJ3,North West including Blackpool (ML CSU),45803,44158,32945,45803,42393,74.6,50.9,0
2026-01-04,South East,111AA6,Isle of Wight,2053,1786,1112,1991,1813,62.3,52.7,0
2026-01-04,South East,111AG9,Thames Valley,18591,17440,11533,18591,16312,66.1,51.6,0
2026-01-04,South East,111AH9,Hampshire and Surrey Heath,16845,15747,10571,16845,14780,67.1,51.7,0
2026-01-04,South East,111AI2,Surrey Heartlands,6563,6264,5404,6351,5610,86.3,50.3,0
2026-01-04,South East,111AI9,"Kent, Medway & Sussex",26563,23107,15098,24581,23107,65.3,51.5,0
2026-01-04,South West,111AI4,Dorset (DHC),7562,6523,5296,6633,6632,81.2,50.4,0
2026-01-04,South West,111AI5,"Bristol, North Somerset & South Gloucestershire (BRISDOC)",7916,7479,5541,7575,7153,74.1,50.3,0
2026-01-04,South West,111AL2,Devon (PPG),10536,9997,8659,10108,8925,86.6,50.3,0
2026-01-04,South West,111AL3,Cornwall (HUC),5066,4988,4528,5066,4455,90.8,50.4,0
2026-01-04,South West,111AL5,Somerset (HUC),4780,4713,4217,4780,3924,89.5,50.4,0
2026-01-04,South West,111AL6,"BaNES, Swindon & Wiltshire (Medvivo-PPG)",9418,8966,7764,9149,7967,86.6,50.5,0
2026-01-04,South West,111AL8,Gloucestershire (Trust/IC24),5248,4560,2840,5079,4629,62.3,52.7,0
2026-01-11,East of England,111AC5,Cambridgeshire and Peterborough,7540,7364,6389,7540,5699,86.8,50.6,0
2026-01-11,East of England,111AC7,Milton Keynes,1822,1802,1686,1822,1702,93.6,50.3,0
2026-01-11,East of England,111AG7,Luton and Bedfordshire,5385,5287,4642,5385,4595,87.8,50.5,0
2026-01-11,East of England,111AG8,Norfolk including Great Yarmouth and Waveney,7644,7050,5487,7356,7089,77.8,51.1,0
2026-01-11,East of England,111AH4,Mid & South Essex,8508,7852,5924,8173,7540,75.4,51.0,0
2026-01-11,East of England,111AH7,North East Essex & Suffolk,7816,7387,6285,7494,6485,85.1,50.4,0
2026-01-11,East of England,111AM1,West Essex & Hertfordshire,9956,9782,8450,9956,9063,86.4,50.4,0
2026-01-11,London,111AD7,South East London,11225,10840,9686,10997,9914,89.4,50.4,0
2026-01-11,London,111AH5,North East London,14413,13934,12458,14129,14350,89.4,50.3,0
2026-01-11,London,111AJ1,North West London,12498,12004,10321,12199,11633,86.0,50.4,0
2026-01-11,London,111AK9,South West London (PPG),10124,9842,8386,9959,9312,85.2,50.3,0
2026-01-11,London,111AL9,North Central London (LAS),8467,8082,7042,8219,7429,87.1,50.4,0
2026-01-11,Midlands,111AL7,Midlands,70127,69537,65221,70127,65965,93.8,50.2,0
2026-01-11,North East and Yorkshire,111AA1,North East,23165,19217,14728,20657,17736,76.6,51.8,0
2026-01-11,North East and Yorkshire,111AI7,Yorkshire and Humber (NECS),43170,37156,26675,40351,34016,71.8,52.1,0
2026-01-11,North West,111AJ3,North West including Blackpool (ML CSU),42634,41359,30919,42634,39363,74.8,50.8,0
2026-01-11,South East,111AA6,Isle of Wight,1924,1575,799,1866,1578,50.7,54.2,0
2026-01-11,South East,111AG9,Thames Valley,17800,15791,6940,17800,14783,43.9,53.0,0
2026-01-11,South East,111AH9,Hampshire and Surrey Heath,16017,14282,6738,16017,13325,47.2,52.9,0
2026-01-11,South East,111AI2,Surrey Heartlands,5870,5593,4698,5675,4954,84.0,50.4,0
2026-01-11,South East,111AI9,"Kent, Medway & Sussex",24397,20841,12085,22445,20841,58.0,51.9,0
2026-01-11,South West,111AI4,Dorset (DHC),7364,6296,5153,6431,6257,81.8,50.5,0
2026-01-11,South West,111AI5,"Bristol, North Somerset & South Gloucestershire (BRISDOC)",7424,7000,5080,7097,6785,72.6,50.3,0
2026-01-11,South West,111AL2,Devon (PPG),9696,9102,7861,9211,8084,86.4,50.3,0
2026-01-11,South West,111AL3,Cornwall (HUC),4401,4294,3702,4401,3841,86.2,50.6,0
2026-01-11,South West,111AL5,Somerset (HUC),4371,4286,3763,4371,3568,87.8,50.5,0
2026-01-11,South West,111AL6,"BaNES, Swindon & Wiltshire (Medvivo-PPG)",8196,7753,6522,7928,7184,84.1,50.6,0
2026-01-11,South West,111AL8,Gloucestershire (Trust/IC24),4725,4368,3271,4585,4565,74.9,51.2,0
2026-01-18,East of England,111AC5,Cambridgeshire and Peterborough,7468,7341,6614,7468,5965,90.1,50.4,0
2026-01-18,East of England,111AC7,Milton Keynes,1721,1718,1687,1721,1605,98.2,50.0,1
2026-01-18,East of England,111AG7,Luton and Bedfordshire,5360,5270,4791,5360,4526,90.9,50.4,0
2026-01-18,East of England,111AG8,Norfolk including Great Yarmouth and Waveney,7545,7022,5548,7282,7147,79.0,50.9,0
2026-01-18,East of England,111AH4,Mid & South Essex,8536,7952,6358,8205,7459,80.0,50.8,0
2026-01-18,East of England,111AH7,North East Essex & Suffolk,7648,7232,6319,7318,6410,87.4,50.3,0
2026-01-18,East of England,111AM1,West Essex & Hertfordshire,9597,9459,8601,9597,8698,90.9,50.4,0
2026-01-18,London,111AD7,South East London,11007,10616,9505,10778,9700,89.5,50.4,0
2026-01-18,London,111AH5,North East London,14512,14066,12641,14230,14253,89.9,50.3,0
2026-01-18,London,111AJ1,North West London,12593,12035,10337,12250,11628,85.9,50.4,0
2026-01-18,London,111AK9,South West London (PPG),8920,8698,7724,8764,9003,88.8,50.2,0
2026-01-18,London,111AL9,North Central London (LAS),8500,8075,6789,8233,7607,84.1,50.5,0
2026-01-18,Midlands,111AL7,Midlands,70324,70091,68631,70324,66372,97.9,50.1,1
2026-01-18,North East and Yorkshire,111AA1,North East,22433,18829,14974,19986,17403,79.5,51.5,0
2026-01-18,North East and Yorkshire,111AI7,Yorkshire and Humber (NECS),44285,34751,27602,37327,31882,79.4,51.8,0
2026-01-18,North West,111AJ3,North West including Blackpool (ML CSU),41199,40045,30535,41199,38112,76.3,50.7,0
2026-01-18,South East,111AA6,Isle of Wight,1860,1588,1016,1793,1621,64.0,53.0,0
2026-01-18,South East,111AG9,Thames Valley,17794,15937,6726,17794,14879,42.2,52.8,0
2026-01-18,South East,111AH9,Hampshire and Surrey Heath,16081,14292,6347,16081,13380,44.4,52.9,0
2026-01-18,South East,111AI2,Surrey Heartlands,5927,5659,4903,5713,5008,86.6,50.2,0
2026-01-18,South East,111AI9,"Kent, Medway & Sussex",24186,20333,11708,22291,20333,57.6,52.3,0
2026-01-18,South West,111AI4,Dorset (DHC),6879,5902,5027,5985,5849,85.2,50.3,0
2026-01-18,South West,111AI5,"Bristol, North Somerset & South Gloucestershire (BRISDOC)",7529,7137,5359,7212,6874,75.1,50.3,0
2026-01-18,South West,111AL2,Devon (PPG),9117,8565,7459,8663,7655,87.1,50.3,0
2026-01-18,South West,111AL3,Cornwall (HUC),3982,3915,3558,3982,3529,90.9,50.4,0
2026-01-18,South West,111AL5,Somerset (HUC),4194,4131,3743,4194,3461,90.6,50.4,0
2026-01-18,South West,111AL6,"BaNES, Swindon & Wiltshire (Medvivo-PPG)",8136,7653,6698,7835,7065,87.5,50.6,0
2026-01-18,South West,111AL8,Gloucestershire (Trust/IC24),4821,4520,3599,4664,4556,79.6,50.8,0
2026-01-25,East of England,111AC5,Cambridgeshire and Peterborough,7153,7054,6443,7153,5750,91.3,50.3,0
2026-01-25,East of England,111AC7,Milton Keynes,1821,1818,1794,1821,1754,98.7,50.0,1
2026-01-25,East of England,111AG7,Luton and Bedfordshire,5552,5463,5008,5552,4682,91.7,50.4,0
2026-01-25,East of England,111AG8,Norfolk including Great Yarmouth and Waveney,7153,6666,5740,6881,6812,86.1,50.8,0
2026-01-25,East of England,111AH4,Mid & South Essex,8104,7562,6447,7769,7241,85.3,50.7,0
2026-01-25,East of England,111AH7,North East Essex & Suffolk,7261,6868,6175,6948,6111,89.9,50.3,0
2026-01-25,East of England,111AM1,West Essex & Hertfordshire,9133,9013,8322,9133,8426,92.3,50.3,0
2026-01-25,London,111AD7,South East London,10624,10246,8685,10391,9370,84.8,50.4,0
2026-01-25,London,111AH5,North East London,14251,13721,11618,13945,14290,84.7,50.4,0
2026-01-25,London,111AJ1,North West London,12706,12194,10242,12380,11698,84.0,50.4,0
2026-01-25,London,111AK9,South West London (PPG),8752,8536,7687,8622,8841,90.1,50.3,0
2026-01-25,London,111AL9,North Central London (LAS),8174,7736,6250,7883,7171,80.8,50.5,0
2026-01-25,Midlands,111AL7,Midlands,69599,69440,68607,69599,66053,98.8,50.1,1
2026-01-25,North East and Yorkshire,111AA1,North East,22618,19538,17352,19993,18137,88.8,50.6,0
2026-01-25,North East and Yorkshire,111AI7,Yorkshire and Humber (NECS),43437,35549,27528,38509,32728,77.4,52.0,0
2026-01-25,North West,111AJ3,North West including Blackpool (ML CSU),41110,39999,31712,41110,38165,79.3,50.7,0
2026-01-25,South East,111AA6,Isle of Wight,1801,1637,1277,1733,1612,78.0,51.4,0
2026-01-25,South East,111AG9,Thames Valley,17688,16040,6972,17688,14952,43.5,52.4,0
2026-01-25,South East,111AH9,Hampshire and Surrey Heath,15608,14266,6687,15608,13345,46.9,52.2,0
2026-01-25,South East,111AI2,Surrey Heartlands,5827,5530,4992,5613,4877,90.3,50.4,0
2026-01-25,South East,111AI9,"Kent, Medway & Sussex",23750,20765,14245,21972,20765,68.6,51.4,0
2026-01-25,South West,111AI4,Dorset (DHC),6809,5823,4848,5911,5817,83.3,50.4,0
2026-01-25,South West,111AI5,"Bristol, North Somerset & South Gloucestershire (BRISDOC)",7108,6747,5367,6810,6544,79.5,50.2,0
2026-01-25,South West,111AL2,Devon (PPG),8899,8414,7679,8463,7496,91.3,50.1,0
2026-01-25,South West,111AL3,Cornwall (HUC),3954,3890,3544,3954,3547,91.1,50.4,0
2026-01-25,South West,111AL5,Somerset (HUC),4025,3969,3627,4025,3361,91.4,50.4,0
2026-01-25,South West,111AL6,"BaNES, Swindon & Wiltshire (Medvivo-PPG)",8007,7565,6876,7709,6910,90.9,50.5,0
2026-01-25,South West,111AL8,Gloucestershire (Trust/IC24),4553,4237,3660,4384,4267,86.4,50.9,0
2026-02-01,East of England,111AC5,Cambridgeshire and Peterborough,6906,6800,6381,6906,5594,93.8,50.4,0
2026-02-01,East of England,111AC7,Milton Keynes,1811,1805,1752,1811,1700,97.1,50.1,1
2026-02-01,East of England,111AG7,Luton and Bedfordshire,5387,5323,4999,5387,4473,93.9,50.3,0
2026-02-01,East of England,111AG8,Norfolk including Great Yarmouth and Waveney,7178,6661,5303,6932,6820,79.6,51.0,0
2026-02-01,East of England,111AH4,Mid & South Essex,8204,7618,6081,7912,7172,79.8,50.9,0
2026-02-01,East of England,111AH7,North East Essex & Suffolk,7155,6756,6383,6794,6035,94.5,50.1,0
2026-02-01,East of England,111AM1,West Essex & Hertfordshire,9453,9363,8840,9453,8727,94.4,50.2,0
2026-02-01,London,111AD7,South East London,10611,10230,8778,10375,9340,85.8,50.4,0
2026-02-01,London,111AH5,North East London,13820,13336,11407,13531,13869,85.5,50.4,0
2026-02-01,London,111AJ1,North West London,12365,11872,10208,12053,11630,86.0,50.4,0
2026-02-01,London,111AK9,South West London (PPG),8571,8363,7764,8421,8735,92.8,50.2,0
2026-02-01,London,111AL9,North Central London (LAS),8033,7610,6139,7763,7087,80.7,50.5,0
2026-02-01,Midlands,111AL7,Midlands,69021,68731,66929,69021,65029,97.4,50.1,1
2026-02-01,North East and Yorkshire,111AA1,North East,23272,19730,15828,20901,18063,80.2,51.4,0
2026-02-01,North East and Yorkshire,111AI7,Yorkshire and Humber (NECS),43110,37140,29206,39872,34114,78.6,51.8,0
2026-02-01,North West,111AJ3,North West including Blackpool (ML CSU),40331,38967,29377,40331,37480,75.4,50.9,0
2026-02-01,South East,111AA6,Isle of Wight,1866,1645,1190,1823,1660,72.3,52.6,0
2026-02-01,South East,111AG9,Thames Valley,16907,15410,6899,16907,14364,44.8,52.3,0
2026-02-01,South East,111AH9,Hampshire and Surrey Heath,15373,13950,6585,15373,13031,47.2,52.4,0
2026-02-01,South East,111AI2,Surrey Heartlands,5913,5642,5331,5694,4955,94.5,50.2,0
2026-02-01,South East,111AI9,"Kent, Medway & Sussex",23325,20064,12584,21516,20064,62.7,51.7,0
2026-02-01,South West,111AI4,Dorset (DHC),6799,5775,4724,5898,5679,81.8,50.5,0
2026-02-01,South West,111AI5,"Bristol, North Somerset & South Gloucestershire (BRISDOC)",7258,6865,5643,6897,6654,82.2,50.1,0
2026-02-01,South West,111AL2,Devon (PPG),8785,8295,7866,8328,7513,94.8,50.1,0
2026-02-01,South West,111AL3,Cornwall (HUC),3966,3906,3687,3966,3599,94.4,50.4,0
2026-02-01,South West,111AL5,Somerset (HUC),3811,3769,3518,3811,3189,93.3,50.3,0
2026-02-01,South West,111AL6,"BaNES, Swindon & Wiltshire (Medvivo-PPG)",7853,7406,6989,7534,6696,94.4,50.4,0
2026-02-01,South West,111AL8,Gloucestershire (Trust/IC24),4395,4050,3175,4223,4141,78.4,51.0,0
2026-02-08,East of England,111AC5,Cambridgeshire and Peterborough,6926,6839,6285,6926,5664,91.9,50.3,0
2026-02-08,East of England,111AC7,Milton Keynes,1840,1835,1784,1840,1735,97.2,50.1,1
2026-02-08,East of England,111AG7,Luton and Bedfordshire,5281,5219,4790,5281,4599,91.8,50.3,0
2026-02-08,East of England,111AG8,Norfolk including Great Yarmouth and Waveney,7061,6632,5800,6821,6861,87.5,50.7,0
2026-02-08,East of England,111AH4,Mid & South Essex,8142,7648,6698,7824,7105,87.6,50.6,0
2026-02-08,East of England,111AH7,North East Essex & Suffolk,7651,7287,6541,7349,6500,89.8,50.2,0
2026-02-08,East of England,111AM1,West Essex & Hertfordshire,9127,9016,8311,9127,8476,92.2,50.3,0
2026-02-08,London,111AD7,South East London,10833,10467,8830,10647,9672,84.4,50.4,0
2026-02-08,London,111AH5,North East London,14335,13843,11676,14083,14342,84.3,50.4,0
2026-02-08,London,111AJ1,North West London,12776,12199,10137,12420,11749,83.1,50.4,0
2026-02-08,London,111AK9,South West London (PPG),8453,8224,7289,8288,8074,88.6,50.2,0
2026-02-08,London,111AL9,North Central London (LAS),8363,7932,6260,8121,7465,78.9,50.6,0
2026-02-08,Midlands,111AL7,Midlands,71470,71221,69229,71470,65712,97.2,50.1,1
2026-02-08,North East and Yorkshire,111AA1,North East,23552,20076,16747,20986,18592,83.4,51.1,0
2026-02-08,North East and Yorkshire,111AI7,Yorkshire and Humber (NECS),44002,37954,27110,41190,34771,71.4,52.0,0
2026-02-08,North West,111AJ3,North West including Blackpool (ML CSU),41763,39956,27108,41763,38238,67.8,51.1,0
2026-02-08,South East,111AA6,Isle of Wight,1774,1619,1303,1717,1619,80.5,51.5,0
2026-02-08,South East,111AG9,Thames Valley,17059,15406,6830,17059,14375,44.3,52.5,0
2026-02-08,South East,111AH9,Hampshire and Surrey Heath,15434,13848,6508,15434,12922,47.0,52.7,0
2026-02-08,South East,111AI2,Surrey Heartlands,5924,5640,5020,5704,4959,89.0,50.3,0
2026-02-08,South East,111AI9,"Kent, Medway & Sussex",24295,20166,10544,22371,20166,52.3,52.6,0
2026-02-08,South West,111AI4,Dorset (DHC),7155,6084,4572,6283,5947,75.1,50.8,0
2026-02-08,South West,111AI5,"Bristol, North Somerset & South Gloucestershire (BRISDOC)",7516,7038,5517,7103,6785,78.4,50.2,0
2026-02-08,South West,111AL2,Devon (PPG),8943,8228,7366,8289,7495,89.5,50.2,0
2026-02-08,South West,111AL3,Cornwall (HUC),4304,4246,3846,4304,3788,90.6,50.3,0
2026-02-08,South West,111AL5,Somerset (HUC),4244,4185,3811,4244,3461,91.1,50.3,0
2026-02-08,South West,111AL6,"BaNES, Swindon & Wiltshire (Medvivo-PPG)",7821,7354,6615,7528,6769,90.0,50.6,0
2026-02-08,South West,111AL8,Gloucestershire (Trust/IC24),4414,4135,3642,4239,4292,88.1,50.6,0
2026-02-15,East of England,111AC5,Cambridgeshire and Peterborough,6815,6691,5935,6815,5411,88.7,50.5,0
2026-02-15,East of England,111AC7,Milton Keynes,1722,1719,1665,1722,1668,96.9,50.0,1
2026-02-15,East of England,111AG7,Luton and Bedfordshire,5221,5128,4565,5221,4475,89.0,50.4,0
2026-02-15,East of England,111AG8,Norfolk including Great Yarmouth and Waveney,6841,6484,6103,6594,6661,94.1,50.4,0
2026-02-15,East of England,111AH4,Mid & South Essex,7949,7541,7041,7639,7192,93.4,50.3,0
2026-02-15,East of England,111AH7,North East Essex & Suffolk,7725,7408,6582,7483,6566,88.8,50.3,0
2026-02-15,East of England,111AM1,West Essex & Hertfordshire,9442,9280,8302,9442,8579,89.5,50.4,0
2026-02-15,London,111AD7,South East London,10239,9837,8485,10001,9278,86.3,50.4,0
2026-02-15,London,111AH5,North East London,14301,13698,11839,13994,14029,86.4,50.5,0
2026-02-15,London,111AJ1,North West London,12665,12108,10409,12327,11430,86.0,50.4,0
2026-02-15,London,111AK9,South West London (PPG),8416,8191,7224,8257,8580,88.2,50.2,0
2026-02-15,London,111AL9,North Central London (LAS),8154,7732,6384,7931,7149,82.6,50.6,0
2026-02-15,Midlands,111AL7,Midlands,70767,70458,68003,70767,66551,96.5,50.1,1
2026-02-15,North East and Yorkshire,111AA1,North East,22593,18681,15002,20058,17411,80.3,51.8,0
2026-02-15,North East and Yorkshire,111AI7,Yorkshire and Humber (NECS),43294,36725,26481,39904,33606,72.1,52.1,0
2026-02-15,North West,111AJ3,North West including Blackpool (ML CSU),40836,37763,18968,40836,36472,50.2,52.0,0
2026-02-15,South East,111AA6,Isle of Wight,1807,1567,1053,1746,1582,67.2,52.7,0
2026-02-15,South East,111AG9,Thames Valley,17284,15492,7760,17284,14384,50.1,52.7,0
2026-02-15,South East,111AH9,Hampshire and Surrey Heath,15486,13873,7104,15486,12960,51.2,52.7,0
2026-02-15,South East,111AI2,Surrey Heartlands,5772,5570,4925,5626,4879,88.4,50.3,0
2026-02-15,South East,111AI9,"Kent, Medway & Sussex",24003,19493,9570,22035,19493,49.1,53.1,0
2026-02-15,South West,111AI4,Dorset (DHC),6896,5937,4877,6031,5830,82.1,50.4,0
2026-02-15,South West,111AI5,"Bristol, North Somerset & South Gloucestershire (BRISDOC)",7341,6979,5396,7054,6766,77.3,50.3,0
2026-02-15,South West,111AL2,Devon (PPG),8870,8453,7526,8530,7635,89.0,50.2,0
2026-02-15,South West,111AL3,Cornwall (HUC),4130,4056,3650,4130,3614,90.0,50.5,0
2026-02-15,South West,111AL5,Somerset (HUC),4052,3979,3499,4052,3309,87.9,50.5,0
2026-02-15,South West,111AL6,"BaNES, Swindon & Wiltshire (Medvivo-PPG)",7326,6981,6259,7119,6455,89.7,50.5,0
2026-02-15,South West,111AL8,Gloucestershire (Trust/IC24),4391,4142,3859,4216,4186,93.2,50.4,0
2026-02-22,East of England,111AC5,Cambridgeshire and Peterborough,6945,6819,5978,6945,5748,87.7,50.5,0
2026-02-22,East of England,111AC7,Milton Keynes,1709,1703,1634,1709,1628,95.9,50.1,1
2026-02-22,East of England,111AG7,Luton and Bedfordshire,4988,4892,4325,4988,4328,88.4,50.5,0
2026-02-22,East of England,111AG8,Norfolk including Great Yarmouth and Waveney,7220,6862,6574,6959,6962,95.8,50.4,1
2026-02-22,East of England,111AH4,Mid & South Essex,7703,7335,7052,7430,6975,96.1,50.3,1
2026-02-22,East of England,111AH7,North East Essex & Suffolk,7219,6864,5440,6993,6070,79.3,50.5,0
2026-02-22,East of England,111AM1,West Essex & Hertfordshire,8914,8758,7665,8914,8163,87.5,50.4,0
2026-02-22,London,111AD7,South East London,9751,9400,8554,9511,8973,91.0,50.3,0
2026-02-22,London,111AH5,North East London,13528,13058,11918,13230,13674,91.3,50.3,0
2026-02-22,London,111AJ1,North West London,11932,11419,9813,11596,11032,85.9,50.4,0
2026-02-22,London,111AK9,South West London (PPG),8253,7952,6474,8099,8211,81.4,50.5,0
2026-02-22,London,111AL9,North Central London (LAS),8011,7646,6861,7765,7156,89.7,50.4,0
2026-02-22,Midlands,111AL7,Midlands,68248,67916,64977,68248,64335,95.7,50.1,1
2026-02-22,North East and Yorkshire,111AA1,North East,22866,19343,16101,20447,17809,83.2,51.4,0
2026-02-22,North East and Yorkshire,111AI7,Yorkshire and Humber (NECS),41574,35599,24372,38942,32715,68.5,52.2,0
2026-02-22,North West,111AJ3,North West including Blackpool (ML CSU),39230,37208,24391,39230,35730,65.6,51.3,0
2026-02-22,South East,111AA6,Isle of Wight,1697,1516,1106,1644,1536,73.0,52.0,0
2026-02-22,South East,111AG9,Thames Valley,16059,14415,5994,16059,13383,41.6,52.7,0
2026-02-22,South East,111AH9,Hampshire and Surrey Heath,14693,13189,5946,14693,12297,45.1,52.7,0
2026-02-22,South East,111AI2,Surrey Heartlands,5574,5344,4261,5461,4718,79.7,50.5,0
2026-02-22,South East,111AI9,"Kent, Medway & Sussex",22485,19115,11458,20725,19115,59.9,52.0,0
2026-02-22,South West,111AI4,Dorset (DHC),6814,5829,4676,5971,5806,80.2,50.6,0
2026-02-22,South West,111AI5,"Bristol, North Somerset & South Gloucestershire (BRISDOC)",7272,6893,4796,7003,6363,69.6,50.4,0
2026-02-22,South West,111AL2,Devon (PPG),8885,8433,6778,8569,7499,80.4,50.4,0
2026-02-22,South West,111AL3,Cornwall (HUC),3702,3631,3166,3702,3515,87.2,50.5,0
2026-02-22,South West,111AL5,Somerset (HUC),4098,4023,3484,4098,3385,86.6,50.5,0
2026-02-22,South West,111AL6,"BaNES, Swindon & Wiltshire (Medvivo-PPG)",7343,6953,5594,7137,6294,80.5,50.7,0
2026-02-22,South West,111AL8,Gloucestershire (Trust/IC24),4185,3994,3834,4028,4056,96.0,50.2,1
2026-03-01,East of England,111AC5,Cambridgeshire and Peterborough,6567,6485,6142,6567,5572,94.7,50.3,0
2026-03-01,East of England,111AC7,Milton Keynes,1706,1702,1673,1706,1657,98.3,50.1,1
2026-03-01,East of England,111AG7,Luton and Bedfordshire,5150,5094,4812,5150,4440,94.5,50.3,0
2026-03-01,East of England,111AG8,Norfolk including Great Yarmouth and Waveney,7235,6805,6385,6923,6736,93.8,50.4,0
2026-03-01,East of England,111AH4,Mid & South Essex,8001,7587,7164,7711,7153,94.4,50.4,0
2026-03-01,East of England,111AH7,North East Essex & Suffolk,7229,6900,5735,7006,6092,83.1,50.4,0
2026-03-01,East of England,111AM1,West Essex & Hertfordshire,8957,8864,8447,8957,8223,95.3,50.3,1
2026-03-01,London,111AD7,South East London,10630,10244,9511,10390,9281,92.8,50.4,0
2026-03-01,London,111AH5,North East London,13610,13117,12128,13310,13767,92.5,50.4,0
2026-03-01,London,111AJ1,North West London,11888,11390,10082,11560,10942,88.5,50.4,0
2026-03-01,London,111AK9,South West London (PPG),8574,8317,7072,8432,8393,85.0,50.3,0
2026-03-01,London,111AL9,North Central London (LAS),8087,7676,7097,7809,7047,92.5,50.4,0
2026-03-01,Midlands,111AL7,Midlands,69487,69321,68136,69487,65660,98.3,50.1,1
2026-03-01,North East and Yorkshire,111AA1,North East,21945,18941,16945,19507,17387,89.5,50.7,0
2026-03-01,North East and Yorkshire,111AI7,Yorkshire and Humber (NECS),39258,33229,23215,36363,30056,69.9,52.3,0
2026-03-01,North West,111AJ3,North West including Blackpool (ML CSU),39118,37883,28751,39118,36474,75.9,50.8,0
2026-03-01,South East,111AA6,Isle of Wight,1795,1614,1225,1718,1611,75.9,51.6,0
2026-03-01,South East,111AG9,Thames Valley,16815,15674,10010,16815,14416,63.9,51.8,0
2026-03-01,South East,111AH9,Hampshire and Surrey Heath,15002,13945,8979,15002,12857,64.4,51.8,0
2026-03-01,South East,111AI2,Surrey Heartlands,5801,5541,4582,5643,4769,82.7,50.5,0
2026-03-01,South East,111AI9,"Kent, Medway & Sussex",22973,19824,13378,21112,19824,67.5,51.6,0
2026-03-01,South West,111AI4,Dorset (DHC),6770,5732,4619,5856,5757,80.6,50.5,0
2026-03-01,South West,111AI5,"Bristol, North Somerset & South Gloucestershire (BRISDOC)",6910,6606,4815,6697,6128,72.9,50.3,0
2026-03-01,South West,111AL2,Devon (PPG),8992,8524,7151,8633,7527,83.9,50.3,0
2026-03-01,South West,111AL3,Cornwall (HUC),3759,3737,3559,3759,3583,95.2,50.1,1
2026-03-01,South West,111AL5,Somerset (HUC),3980,3940,3732,3980,3284,94.7,50.3,0
2026-03-01,South West,111AL6,"BaNES, Swindon & Wiltshire (Medvivo-PPG)",7262,6891,5792,7058,6280,84.1,50.6,0
2026-03-01,South West,111AL8,Gloucestershire (Trust/IC24),4367,4165,3911,4229,4218,93.9,50.4,0
2026-03-08,East of England,111AC5,Cambridgeshire and Peterborough,6164,6119,5990,6164,5270,97.9,50.2,1
2026-03-08,East of England,111AC7,Milton Keynes,1603,1602,1599,1603,1537,99.8,50.0,1
2026-03-08,East of England,111AG7,Luton and Bedfordshire,4765,4711,4578,4765,4091,97.2,50.3,1
2026-03-08,East of England,111AG8,Norfolk including Great Yarmouth and Waveney,6764,6470,6294,6533,6683,97.3,50.2,1
2026-03-08,East of England,111AH4,Mid & South Essex,7805,7474,7283,7550,7066,97.4,50.3,1
2026-03-08,East of England,111AH7,North East Essex & Suffolk,6678,6382,5385,6455,5787,84.4,50.3,0
2026-03-08,East of England,111AM1,West Essex & Hertfordshire,8417,8368,8238,8417,7902,98.4,50.1,1
2026-03-08,London,111AD7,South East London,9846,9545,9151,9636,8722,95.9,50.2,1
2026-03-08,London,111AH5,North East London,12826,12433,11943,12569,12848,96.1,50.3,1
2026-03-08,London,111AJ1,North West London,11159,10720,9746,10863,10446,90.9,50.3,0
2026-03-08,London,111AK9,South West London (PPG),8058,7864,6831,7927,8077,86.9,50.2,0
2026-03-08,London,111AL9,North Central London (LAS),7951,7589,7171,7690,7009,94.5,50.3,0
2026-03-08,Midlands,111AL7,Midlands,65930,65817,65459,65930,62472,99.5,50.0,1
2026-03-08,North East and Yorkshire,111AA1,North East,20962,18037,15033,18660,16812,83.3,50.8,0
2026-03-08,North East and Yorkshire,111AI7,Yorkshire and Humber (NECS),41163,35124,23663,38402,31138,67.4,52.2,0
2026-03-08,North West,111AJ3,North West including Blackpool (ML CSU),38105,36719,26875,38105,35217,73.2,50.9,0
2026-03-08,South East,111AA6,Isle of Wight,1765,1608,1375,1686,1606,85.5,51.2,0
2026-03-08,South East,111AG9,Thames Valley,15401,14756,10618,15401,13706,72.0,51.1,0
2026-03-08,South East,111AH9,Hampshire and Surrey Heath,13669,13089,9550,13669,12134,73.0,51.1,0
2026-03-08,South East,111AI2,Surrey Heartlands,5231,5045,4293,5104,4429,85.1,50.3,0
2026-03-08,South East,111AI9,"Kent, Medway & Sussex",22242,19289,13067,20574,19289,67.7,51.6,0
2026-03-08,South West,111AI4,Dorset (DHC),6583,5547,4390,5694,5530,79.1,50.7,0
2026-03-08,South West,111AI5,"Bristol, North Somerset & South Gloucestershire (BRISDOC)",6790,6498,4811,6556,6026,74.0,50.2,0
2026-03-08,South West,111AL2,Devon (PPG),8486,8090,6956,8180,7136,86.0,50.3,0
2026-03-08,South West,111AL3,Cornwall (HUC),3864,3829,3701,3864,3457,96.7,50.2,1
2026-03-08,South West,111AL5,Somerset (HUC),3669,3643,3537,3669,3040,97.1,50.2,1
2026-03-08,South West,111AL6,"BaNES, Swindon & Wiltshire (Medvivo-PPG)",7347,7015,6002,7144,6201,85.6,50.5,0
2026-03-08,South West,111AL8,Gloucestershire (Trust/IC24),4201,4016,3913,4054,4044,97.4,50.2,1
2026-03-15,East of England,111AC5,Cambridgeshire and Peterborough,6227,6170,5995,6227,5289,97.2,50.2,1
2026-03-15,East of England,111AC7,Milton Keynes,1651,1647,1599,1651,1570,97.1,50.1,1
2026-03-15,East of England,111AG7,Luton and Bedfordshire,4792,4756,4604,4792,4165,96.8,50.2,1
2026-03-15,East of England,111AG8,Norfolk including Great Yarmouth and Waveney,6502,6219,6072,6273,6308,97.6,50.2,1
2026-03-15,East of England,111AH4,Mid & South Essex,7972,7628,7455,7681,7085,97.7,50.2,1
2026-03-15,East of England,111AH7,North East Essex & Suffolk,6878,6599,5520,6671,5973,83.6,50.3,0
2026-03-15,East of England,111AM1,West Essex & Hertfordshire,8636,8574,8338,8636,8029,97.2,50.2,1
2026-03-15,London,111AD7,South East London,10152,9795,9182,9911,9061,93.7,50.3,0
2026-03-15,London,111AH5,North East London,12847,12436,11662,12600,12838,93.8,50.3,0
2026-03-15,London,111AJ1,North West London,11568,11061,9813,11258,10808,88.7,50.4,0
2026-03-15,London,111AK9,South West London (PPG),8301,8085,6932,8161,8205,85.7,50.2,0
2026-03-15,London,111AL9,North Central London (LAS),7653,7294,6652,7412,6891,91.2,50.4,0
2026-03-15,Midlands,111AL7,Midlands,65121,64924,63295,65121,61832,97.5,50.1,1
2026-03-15,North East and Yorkshire,111AA1,North East,21407,18844,16719,19254,17319,88.7,50.5,0
2026-03-15,North East and Yorkshire,111AI7,Yorkshire and Humber (NECS),40628,35310,26454,38039,31109,74.9,51.9,0
2026-03-15,North West,111AJ3,North West including Blackpool (ML CSU),38296,37279,30053,38296,35370,80.6,50.7,0
2026-03-15,South East,111AA6,Isle of Wight,1782,1566,1144,1720,1555,73.1,52.3,0
2026-03-15,South East,111AG9,Thames Valley,16061,15431,11380,16061,14249,73.7,51.0,0
2026-03-15,South East,111AH9,Hampshire and Surrey Heath,14330,13687,10159,14330,12795,74.2,51.1,0
2026-03-15,South East,111AI2,Surrey Heartlands,5476,5263,4449,5345,4631,84.5,50.4,0
2026-03-15,South East,111AI9,"Kent, Medway & Sussex",22173,18793,12211,20423,18793,65.0,52.1,0
2026-03-15,South West,111AI4,Dorset (DHC),6654,5712,4605,5831,5644,80.6,50.5,0
2026-03-15,South West,111AI5,"Bristol, North Somerset & South Gloucestershire (BRISDOC)",6881,6590,4843,6646,6095,73.5,50.2,0
2026-03-15,South West,111AL2,Devon (PPG),8644,8208,6972,8294,7280,84.9,50.3,0
2026-03-15,South West,111AL3,Cornwall (HUC),3575,3551,3440,3575,3330,96.9,50.2,1
2026-03-15,South West,111AL5,Somerset (HUC),3751,3718,3587,3751,3116,96.5,50.2,1
2026-03-15,South West,111AL6,"BaNES, Swindon & Wiltshire (Medvivo-PPG)",7093,6723,5641,6882,6042,83.9,50.6,0
2026-03-15,South West,111AL8,Gloucestershire (Trust/IC24),4213,4021,3918,4060,3996,97.4,50.2,1
2026-03-22,East of England,111AC5,Cambridgeshire and Peterborough,7301,7189,6311,7301,6220,87.8,50.4,0
2026-03-22,East of England,111AC7,Milton Keynes,1828,1817,1690,1828,1708,93.0,50.2,0
2026-03-22,East of England,111AG7,Luton and Bedfordshire,5365,5269,4663,5365,4652,88.5,50.5,0
2026-03-22,East of England,111AG8,Norfolk including Great Yarmouth and Waveney,7346,6951,6239,7112,6959,89.8,50.6,0
2026-03-22,East of England,111AH4,Mid & South Essex,9072,8619,7732,8777,8160,89.7,50.5,0
2026-03-22,East of England,111AH7,North East Essex & Suffolk,7498,6747,2869,7232,6325,42.5,51.7,0
2026-03-22,East of England,111AM1,West Essex & Hertfordshire,10152,10008,8834,10152,9228,88.3,50.4,0
2026-03-22,London,111AD7,South East London,11998,10992,7478,11750,10445,68.0,51.7,0
2026-03-22,London,111AH5,North East London,14471,13264,8953,14183,13868,67.5,51.7,0
2026-03-22,London,111AJ1,North West London,13560,12056,6051,13120,11667,50.2,52.1,0
2026-03-22,London,111AK9,South West London (PPG),9817,8912,4334,9554,9008,48.6,51.7,0
2026-03-22,London,111AL9,North Central London (LAS),8868,7807,4385,8602,7568,56.2,52.4,0
2026-03-22,Midlands,111AL7,Midlands,73938,73463,68033,73938,69595,92.6,50.2,0
2026-03-22,North East and Yorkshire,111AA1,North East,23472,20386,17584,21090,18733,86.3,50.8,0
2026-03-22,North East and Yorkshire,111AI7,Yorkshire and Humber (NECS),43262,36345,21844,39835,32905,60.1,52.3,0
2026-03-22,North West,111AJ3,North West including Blackpool (ML CSU),41932,38114,18842,41932,36575,49.4,52.4,0
2026-03-22,South East,111AA6,Isle of Wight,1806,1663,1357,1750,1667,81.6,51.3,0
2026-03-22,South East,111AG9,Thames Valley,18882,15958,4609,18882,14859,28.9,54.2,0
2026-03-22,South East,111AH9,Hampshire and Surrey Heath,16587,13983,4345,16587,13088,31.1,54.3,0
2026-03-22,South East,111AI2,Surrey Heartlands,6388,5654,2421,6115,5036,42.8,52.0,0
2026-03-22,South East,111AI9,"Kent, Medway & Sussex",32245,24578,10931,29704,24578,44.5,54.7,0
2026-03-22,South West,111AI4,Dorset (DHC),7518,6430,4608,6623,6316,71.7,50.7,0
2026-03-22,South West,111AI5,"Bristol, North Somerset & South Gloucestershire (BRISDOC)",7685,6837,2614,7361,6470,38.2,51.8,0
2026-03-22,South West,111AL2,Devon (PPG),9444,8292,4022,8952,7396,48.5,51.9,0
2026-03-22,South West,111AL3,Cornwall (HUC),4028,3953,3477,4028,3650,88.0,50.5,0
2026-03-22,South West,111AL5,Somerset (HUC),4102,4022,3558,4102,3375,88.5,50.5,0
2026-03-22,South West,111AL6,"BaNES, Swindon & Wiltshire (Medvivo-PPG)",7872,6990,3218,7598,6389,46.0,52.1,0
2026-03-22,South West,111AL8,Gloucestershire (Trust/IC24),4597,4334,3858,4418,4390,89.0,50.5,0
2026-03-29,East of England,111AC5,Cambridgeshire and Peterborough,6579,6523,6147,6579,5703,94.2,50.2,0
2026-03-29,East of England,111AC7,Milton Keynes,1873,1864,1833,1873,1767,98.3,50.1,1
2026-03-29,East of England,111AG7,Luton and Bedfordshire,5282,5232,4944,5282,4718,94.5,50.2,0
2026-03-29,East of England,111AG8,Norfolk including Great Yarmouth and Waveney,7986,7353,6851,7543,7097,93.2,50.6,0
2026-03-29,East of England,111AH4,Mid & South Essex,8458,8031,7417,8198,7576,92.4,50.5,0
2026-03-29,East of England,111AH7,North East Essex & Suffolk,7143,6692,4268,6918,6123,63.8,50.8,0
2026-03-29,East of England,111AM1,West Essex & Hertfordshire,8920,8835,8230,8920,8415,93.2,50.2,0
2026-03-29,London,111AD7,South East London,11264,10802,9327,11024,10151,86.3,50.5,0
2026-03-29,London,111AH5,North East London,14881,14346,12147,14614,15012,84.7,50.5,0
2026-03-29,London,111AJ1,North West London,13194,12486,9150,12882,12043,73.3,50.8,0
2026-03-29,London,111AK9,South West London (PPG),9342,8920,6025,9177,8675,67.5,50.7,0
2026-03-29,London,111AL9,North Central London (LAS),8864,8305,6611,8601,7679,79.6,50.9,0
2026-03-29,Midlands,111AL7,Midlands,72972,72806,71388,72972,69516,98.1,50.1,1
2026-03-29,North East and Yorkshire,111AA1,North East,22948,19297,15140,20533,18170,78.5,51.6,0
2026-03-29,North East and Yorkshire,111AI7,Yorkshire and Humber (NECS),42596,34232,25496,36767,30617,74.5,51.8,0
2026-03-29,North West,111AJ3,North West including Blackpool (ML CSU),41450,38420,19445,41450,36736,50.6,51.9,0
2026-03-29,South East,111AA6,Isle of Wight,1911,1746,1346,1853,1731,77.1,51.5,0
2026-03-29,South East,111AG9,Thames Valley,17747,15748,6517,17747,14636,41.4,53.0,0
2026-03-29,South East,111AH9,Hampshire and Surrey Heath,15699,13871,6016,15699,12877,43.4,53.1,0
2026-03-29,South East,111AI2,Surrey Heartlands,6115,5728,3729,5948,5035,65.1,50.9,0
2026-03-29,South East,111AI9,"Kent, Medway & Sussex",25352,20959,10210,24080,20959,48.7,53.5,0
2026-03-29,South West,111AI4,Dorset (DHC),7103,5920,4221,6150,5898,71.3,51.0,0
2026-03-29,South West,111AI5,"Bristol, North Somerset & South Gloucestershire (BRISDOC)",4138,3889,2112,4001,6442,54.3,50.7,0
2026-03-29,South West,111AL2,Devon (PPG),8947,8355,5571,8639,7465,66.7,50.8,0
2026-03-29,South West,111AL3,Cornwall (HUC),4068,4030,3799,4068,3726,94.3,50.2,0
2026-03-29,South West,111AL5,Somerset (HUC),4043,4007,3757,4043,3340,93.8,50.2,0
2026-03-29,South West,111AL6,"BaNES, Swindon & Wiltshire (Medvivo-PPG)",8051,7536,5008,7842,6512,66.5,51.0,0
2026-03-29,South West,111AL8,Gloucestershire (Trust/IC24),4746,4343,3996,4470,4127,92.0,50.7,0
2026-04-05,East of England,111AC5,Cambridgeshire and Peterborough,0,0,0,0,0,,,0
2026-04-05,East of England,111AC7,Milton Keynes,0,0,0,0,0,,,0
2026-04-05,East of England,111AG7,Luton and Bedfordshire,0,0,0,0,0,,,0
2026-04-05,East of England,111AG8,Norfolk including Great Yarmouth and Waveney,0,0,0,0,0,,,0
2026-04-05,East of England,111AH4,Mid & South Essex,0,0,0,0,0,,,0
2026-04-05,East of England,111AH7,North East Essex & Suffolk,0,0,0,0,0,,,0
2026-04-05,East of England,111AM1,West Essex & Hertfordshire,0,0,0,0,0,,,0
2026-04-05,London,111AD7,South East London,0,0,0,0,0,,,0
2026-04-05,London,111AH5,North East London,0,0,0,0,0,,,0
2026-04-05,London,111AJ1,North West London,0,0,0,0,0,,,0
2026-04-05,London,111AK9,South West London (PPG),0,0,0,0,0,,,0
2026-04-05,London,111AL9,North Central London (LAS),0,0,0,0,0,,,0
2026-04-05,Midlands,111AL7,Midlands,0,0,0,0,0,,,0
2026-04-05,North East and Yorkshire,111AA1,North East,0,0,0,0,0,,,0
2026-04-05,North East and Yorkshire,111AI7,Yorkshire and Humber (NECS),0,0,0,0,0,,,0
2026-04-05,North West,111AJ3,North West including Blackpool (ML CSU),0,0,0,0,0,,,0
2026-04-05,South East,111AA6,Isle of Wight,0,0,0,0,0,,,0
2026-04-05,South East,111AG9,Thames Valley,0,0,0,0,0,,,0
2026-04-05,South East,111AH9,Hampshire and Surrey Heath,0,0,0,0,0,,,0
2026-04-05,South East,111AI2,Surrey Heartlands,0,0,0,0,0,,,0
2026-04-05,South East,111AI9,"Kent, Medway & Sussex",0,0,0,0,0,,,0
2026-04-05,South West,111AI4,Dorset (DHC),0,0,0,0,0,,,0
2026-04-05,South West,111AI5,"Bristol, North Somerset & South Gloucestershire (BRISDOC)",0,0,0,0,0,,,0
2026-04-05,South West,111AL2,Devon (PPG),0,0,0,0,0,,,0
2026-04-05,South West,111AL3,Cornwall (HUC),0,0,0,0,0,,,0
2026-04-05,South West,111AL5,Somerset (HUC),0,0,0,0,0,,,0
2026-04-05,South West,111AL6,"BaNES, Swindon & Wiltshire (Medvivo-PPG)",0,0,0,0,0,,,0
2026-04-05,South West,111AL8,Gloucestershire (Trust/IC24),0,0,0,0,0,,,0
